{"count":1,"self":16.8659584,"total":22.970271,"children":{"AgentResetIfDone":{"count":4251,"self":1.447139,"total":1.447139,"children":null},"AgentSendState":{"count":4251,"self":2.120974,"total":4.0465979999999995,"children":{"CollectObservations":{"count":85020,"self":1.925624,"total":1.925624,"children":null}}},"DecideAction":{"count":4251,"self":0.15270699999999998,"total":0.15270699999999998,"children":null},"AcademyStep":{"count":4251,"self":0.095576,"total":0.095576,"children":null},"AgentAct":{"count":4251,"self":0.360867,"total":0.360867,"children":null}}}