{"count":1,"self":23.654678399999998,"total":28.165989,"children":{"AgentResetIfDone":{"count":370,"self":0.0173,"total":0.0173,"children":null},"AgentSendState":{"count":370,"self":0.034418,"total":0.045335,"children":{"CollectObservations":{"count":370,"self":0.010917,"total":0.010917,"children":null}}},"DecideAction":{"count":370,"self":4.318496,"total":4.409434,"children":{"AgentInfo.ToProto":{"count":370,"self":0.046994999999999995,"total":0.090937999999999991,"children":{"RayPerceptionSensor.Perceive":{"count":370,"self":0.043942999999999996,"total":0.043942999999999996,"children":null}}}}},"AcademyStep":{"count":370,"self":0.013085999999999999,"total":0.013085999999999999,"children":null},"AgentAct":{"count":370,"self":0.024016,"total":0.024016,"children":null}}}