{"count":1,"self":14.1701184,"total":15.060018999999999,"children":{"AgentResetIfDone":{"count":670,"self":0.045794,"total":0.045794,"children":null},"AgentSendState":{"count":670,"self":0.365432,"total":0.69623499999999994,"children":{"CollectObservations":{"count":13400,"self":0.33080299999999996,"total":0.33080299999999996,"children":null}}},"DecideAction":{"count":670,"self":0.038149999999999996,"total":0.038149999999999996,"children":null},"AcademyStep":{"count":670,"self":0.016066,"total":0.016066,"children":null},"AgentAct":{"count":670,"self":0.092249,"total":0.092249,"children":null}}}