{"count":1,"self":20.474272,"total":20.702818999999998,"children":{"AgentResetIfDone":{"count":885,"self":0.040478,"total":0.040478,"children":null},"AgentSendState":{"count":885,"self":0.054286,"total":0.077605,"children":{"CollectObservations":{"count":885,"self":0.023319,"total":0.023319,"children":null}}},"DecideAction":{"count":885,"self":0.029878,"total":0.029878,"children":null},"AcademyStep":{"count":885,"self":0.023996999999999997,"total":0.023996999999999997,"children":null},"AgentAct":{"count":885,"self":0.054809,"total":0.054809,"children":null}}}