{"count":1,"self":78.4226944,"total":670.782253,"children":{"AgentResetIfDone":{"count":36605,"self":0.5620155,"total":0.5620155,"children":null},"AgentSendState":{"count":36605,"self":7.8156631999999995,"total":11.6827221,"children":{"CollectObservations":{"count":732100,"self":3.8670592,"total":3.8670592,"children":null}}},"DecideAction":{"count":36605,"self":306.4655616,"total":576.8470271,"children":{"AgentInfo.ToProto":{"count":36605,"self":226.1345536,"total":270.38146639999997,"children":{"RayPerceptionSensor.Perceive":{"count":1464200,"self":44.246911999999995,"total":44.2469107,"children":null}}}}},"AcademyStep":{"count":36605,"self":0.1536063,"total":0.1536063,"children":null},"AgentAct":{"count":36605,"self":3.1131924,"total":3.1131924,"children":null}}}