{"count":1,"self":199.83489279999998,"total":10354.248821899999,"children":{"AgentResetIfDone":{"count":643334,"self":10.6725584,"total":10.6725585,"children":null},"AgentSendState":{"count":643334,"self":24.222236799999997,"total":38.046882,"children":{"CollectObservations":{"count":12866680,"self":13.824646399999999,"total":13.8246459,"children":null}}},"DecideAction":{"count":643334,"self":9133.600768,"total":10057.1095332,"children":{"AgentInfo.ToProto":{"count":643334,"self":456.1370624,"total":923.50904099999991,"children":{"RayPerceptionSensor.Perceive":{"count":25733360,"self":467.37198079999996,"total":467.37200129999997,"children":null}}}}},"AcademyStep":{"count":643334,"self":0.88484,"total":0.88484,"children":null},"AgentAct":{"count":643334,"self":47.698099199999994,"total":47.698099199999994,"children":null}}}